Player,Game Number,Amount
Player 1, 2, 501
Player 1, 3, 502
Player 1, 4, 501
Player 1, 5, 503
Player 1, 6, 502
Player 1, 7, 504
Player 1, 8, 505
Player 1, 9, 504
Player 1, 10, 502
Player 1, 11, 505
Player 1, 12, 506
Player 1, 13, 505
Player 1, 14, 507
Player 1, 15, 506
Player 1, 16, 504
Player 1, 17, 507
Player 1, 18, 508
Player 1, 19, 509
Player 1, 20, 508
Player 1, 21, 510
Player 1, 22, 511
Player 1, 23, 510
Player 1, 24, 512
Player 1, 25, 511
Player 1, 26, 513
Player 1, 27, 512
Player 1, 28, 510
Player 1, 29, 507
Player 1, 30, 511
Player 1, 31, 515
Player 1, 32, 514
Player 1, 33, 516
Player 1, 34, 515
Player 1, 35, 513
Player 1, 36, 516
Player 1, 37, 517
Player 1, 38, 518
Player 1, 39, 517
Player 1, 40, 519
Player 1, 41, 518
Player 1, 42, 520
Player 1, 43, 519
Player 1, 44, 517
Player 1, 45, 520
Player 1, 46, 519
Player 1, 47, 521
Player 1, 48, 520
Player 1, 49, 518
Player 1, 50, 521
Player 1, 51, 520
Player 1, 52, 522
Player 1, 53, 523
Player 1, 54, 522
Player 1, 55, 524
Player 1, 56, 523
Player 1, 57, 525
Player 1, 58, 524
Player 1, 59, 522
Player 1, 60, 525
Player 1, 61, 524
Player 1, 62, 522
Player 1, 63, 525
Player 1, 64, 526
Player 1, 65, 527
Player 1, 66, 528
Player 1, 67, 527
Player 1, 68, 525
Player 1, 69, 522
Player 1, 70, 526
Player 1, 71, 522
Player 1, 72, 517
Player 1, 73, 511
Player 1, 74, 504
Player 1, 75, 512
Player 1, 76, 504
Player 1, 77, 495
Player 1, 78, 505
Player 1, 79, 515
Player 1, 80, 525
Player 1, 81, 515
Player 1, 82, 504
Player 1, 83, 516
Player 1, 84, 504
Player 1, 85, 517
Player 1, 86, 530
Player 1, 87, 531
Player 1, 88, 530
Player 1, 89, 528
Player 1, 90, 525
Player 1, 91, 529
Player 1, 92, 533
Player 1, 93, 532
Player 1, 94, 534
Player 1, 95, 535
Player 1, 96, 536
Player 1, 97, 537
Player 1, 98, 536
Player 1, 99, 534
Player 1, 100, 531
Player 1, 101, 535
Player 1, 102, 539
Player 1, 103, 540
Player 1, 104, 539
Player 1, 105, 537
Player 1, 106, 534
Player 1, 107, 538
Player 1, 108, 534
Player 1, 109, 529
Player 1, 110, 535
Player 1, 111, 541
Player 1, 112, 540
Player 1, 113, 538
Player 1, 114, 541
Player 1, 115, 542
Player 1, 116, 543
Player 1, 117, 544
Player 1, 118, 543
Player 1, 119, 545
Player 1, 120, 544
Player 1, 121, 546
Player 1, 122, 545
Player 1, 123, 543
Player 1, 124, 546
Player 1, 125, 545
Player 1, 126, 547
Player 1, 127, 546
Player 1, 128, 544
Player 1, 129, 541
Player 1, 130, 545
Player 1, 131, 541
Player 1, 132, 536
Player 1, 133, 542
Player 1, 134, 548
Player 1, 135, 549
Player 1, 136, 548
Player 1, 137, 546
Player 1, 138, 549
Player 1, 139, 550
Player 1, 140, 551
Player 1, 141, 552
Player 1, 142, 553
Player 1, 143, 552
Player 1, 144, 550
Player 1, 145, 547
Player 1, 146, 543
Player 1, 147, 548
Player 1, 148, 553
Player 1, 149, 554
Player 1, 150, 553
Player 1, 151, 555
Player 1, 152, 554
Player 1, 153, 556
Player 1, 154, 555
Player 1, 155, 557
Player 1, 156, 558
Player 1, 157, 559
Player 1, 158, 560
Player 1, 159, 559
Player 1, 160, 557
Player 1, 161, 560
Player 1, 162, 561
Player 1, 163, 562
Player 1, 164, 561
Player 1, 165, 559
Player 1, 166, 562
Player 1, 167, 561
Player 1, 168, 563
Player 1, 169, 562
Player 1, 170, 564
Player 1, 171, 563
Player 1, 172, 561
Player 1, 173, 564
Player 1, 174, 565
Player 1, 175, 564
Player 1, 176, 562
Player 1, 177, 559
Player 1, 178, 563
Player 1, 179, 559
Player 1, 180, 564
Player 1, 181, 569
Player 1, 182, 570
Player 1, 183, 571
Player 1, 184, 572
Player 1, 185, 573
Player 1, 186, 572
Player 1, 187, 574
Player 1, 188, 575
Player 1, 189, 574
Player 1, 190, 576
Player 1, 191, 577
Player 1, 192, 578
Player 1, 193, 579
Player 1, 194, 580
Player 1, 195, 579
Player 1, 196, 577
Player 1, 197, 580
Player 1, 198, 579
Player 1, 199, 577
Player 1, 200, 580
Player 1, 201, 579
Player 1, 202, 581
Player 1, 203, 580
Player 1, 204, 578
Player 1, 205, 575
Player 1, 206, 571
Player 1, 207, 576
Player 1, 208, 581
Player 1, 209, 580
Player 1, 210, 582
Player 1, 211, 583
Player 1, 212, 582
Player 1, 213, 584
Player 1, 214, 585
Player 1, 215, 586
Player 1, 216, 587
Player 1, 217, 588
Player 1, 218, 589
Player 1, 219, 590
Player 1, 220, 589
Player 1, 221, 591
Player 1, 222, 592
Player 1, 223, 593
Player 1, 224, 594
Player 1, 225, 595
Player 1, 226, 596
Player 1, 227, 595
Player 1, 228, 597
Player 1, 229, 596
Player 1, 230, 598
Player 1, 231, 599
Player 1, 232, 600
Player 1, 233, 601
Player 1, 234, 600
Player 1, 235, 598
Player 1, 236, 595
Player 1, 237, 599
Player 1, 238, 603
Player 1, 239, 604
Player 1, 240, 603
Player 1, 241, 605
Player 1, 242, 604
Player 1, 243, 602
Player 1, 244, 599
Player 1, 245, 603
Player 1, 246, 607
Player 1, 247, 608
Player 1, 248, 607
Player 1, 249, 609
Player 1, 250, 610
Player 1, 251, 609
Player 1, 252, 611
Player 1, 253, 612
Player 1, 254, 613
Player 1, 255, 614
Player 1, 256, 615
Player 1, 257, 614
Player 1, 258, 612
Player 1, 259, 615
Player 1, 260, 616
Player 1, 261, 615
Player 1, 262, 617
Player 1, 263, 616
Player 1, 264, 618
Player 1, 265, 617
Player 1, 266, 615
Player 1, 267, 612
Player 1, 268, 608
Player 1, 269, 613
Player 1, 270, 618
Player 1, 271, 617
Player 1, 272, 619
Player 1, 273, 618
Player 1, 274, 616
Player 1, 275, 613
Player 1, 276, 609
Player 1, 277, 614
Player 1, 278, 609
Player 1, 279, 603
Player 1, 280, 596
Player 1, 281, 604
Player 1, 282, 612
Player 1, 283, 620
Player 1, 284, 621
Player 1, 285, 622
Player 1, 286, 623
Player 1, 287, 624
Player 1, 288, 625
Player 1, 289, 624
Player 1, 290, 626
Player 1, 291, 627
Player 1, 292, 628
Player 1, 293, 627
Player 1, 294, 625
Player 1, 295, 628
Player 1, 296, 629
Player 1, 297, 630
Player 1, 298, 629
Player 1, 299, 627
Player 1, 300, 630
Player 1, 301, 631
Player 1, 302, 632
Player 1, 303, 631
Player 1, 304, 633
Player 1, 305, 632
Player 1, 306, 634
Player 1, 307, 635
Player 1, 308, 634
Player 1, 309, 632
Player 1, 310, 635
Player 1, 311, 636
Player 1, 312, 635
Player 1, 313, 637
Player 1, 314, 638
Player 1, 315, 639
Player 1, 316, 640
Player 1, 317, 639
Player 1, 318, 637
Player 1, 319, 634
Player 1, 320, 638
Player 1, 321, 634
Player 1, 322, 639
Player 1, 323, 644
Player 1, 324, 645
Player 1, 325, 644
Player 1, 326, 642
Player 1, 327, 645
Player 1, 328, 646
Player 1, 329, 645
Player 1, 330, 643
Player 1, 331, 640
Player 1, 332, 644
Player 1, 333, 640
Player 1, 334, 635
Player 1, 335, 629
Player 1, 336, 636
Player 1, 337, 643
Player 1, 338, 636
Player 1, 339, 628
Player 1, 340, 637
Player 1, 341, 628
Player 1, 342, 618
Player 1, 343, 629
Player 1, 344, 618
Player 1, 345, 630
Player 1, 346, 618
Player 1, 347, 605
Player 1, 348, 619
Player 1, 349, 633
Player 1, 350, 647
Player 1, 351, 648
Player 1, 352, 649
Player 1, 353, 650
Player 1, 354, 649
Player 1, 355, 651
Player 1, 356, 652
Player 1, 357, 653
Player 1, 358, 654
Player 1, 359, 653
Player 1, 360, 655
Player 1, 361, 654
Player 1, 362, 656
Player 1, 363, 657
Player 1, 364, 658
Player 1, 365, 659
Player 1, 366, 658
Player 1, 367, 656
Player 1, 368, 659
Player 1, 369, 658
Player 1, 370, 656
Player 1, 371, 659
Player 1, 372, 658
Player 1, 373, 656
Player 1, 374, 653
Player 1, 375, 649
Player 1, 376, 644
Player 1, 377, 638
Player 1, 378, 645
Player 1, 379, 652
Player 1, 380, 659
Player 1, 381, 658
Player 1, 382, 660
Player 1, 383, 659
Player 1, 384, 661
Player 1, 385, 660
Player 1, 386, 658
Player 1, 387, 655
Player 1, 388, 659
Player 1, 389, 663
Player 1, 390, 662
Player 1, 391, 660
Player 1, 392, 657
Player 1, 393, 661
Player 1, 394, 665
Player 1, 395, 666
Player 1, 396, 665
Player 1, 397, 667
Player 1, 398, 668
Player 1, 399, 667
Player 1, 400, 665
Player 1, 401, 662
Player 1, 402, 658
Player 1, 403, 653
Player 1, 404, 647
Player 1, 405, 654
Player 1, 406, 647
Player 1, 407, 639
Player 1, 408, 630
Player 1, 409, 620
Player 1, 410, 631
Player 1, 411, 620
Player 1, 412, 608
Player 1, 413, 621
Player 1, 414, 608
Player 1, 415, 594
Player 1, 416, 609
Player 1, 417, 624
Player 1, 418, 609
Player 1, 419, 593
Player 1, 420, 576
Player 1, 421, 558
Player 1, 422, 577
Player 1, 423, 596
Player 1, 424, 577
Player 1, 425, 597
Player 1, 426, 577
Player 1, 427, 556
Player 1, 428, 534
Player 1, 429, 511
Player 1, 430, 487
Player 1, 431, 512
Player 1, 432, 537
Player 1, 433, 512
Player 1, 434, 538
Player 1, 435, 564
Player 1, 436, 590
Player 1, 437, 616
Player 1, 438, 590
Player 1, 439, 617
Player 1, 440, 644
Player 1, 441, 671
Player 1, 442, 672
Player 1, 443, 673
Player 1, 444, 674
Player 1, 445, 675
Player 1, 446, 676
Player 1, 447, 677
Player 1, 448, 676
Player 1, 449, 678
Player 1, 450, 679
Player 1, 451, 678
Player 1, 452, 680
Player 1, 453, 679
Player 1, 454, 677
Player 1, 455, 680
Player 1, 456, 679
Player 1, 457, 681
Player 1, 458, 682
Player 1, 459, 681
Player 1, 460, 679
Player 1, 461, 682
Player 1, 462, 683
Player 1, 463, 684
Player 1, 464, 685
Player 1, 465, 684
Player 1, 466, 682
Player 1, 467, 685
Player 1, 468, 686
Player 1, 469, 687
Player 1, 470, 686
Player 1, 471, 684
Player 1, 472, 681
Player 1, 473, 677
Player 1, 474, 682
Player 1, 475, 677
Player 1, 476, 671
Player 1, 477, 678
Player 1, 478, 685
Player 1, 479, 692
Player 1, 480, 693
Player 1, 481, 694
Player 1, 482, 693
Player 1, 483, 691
Player 1, 484, 688
Player 1, 485, 684
Player 1, 486, 689
Player 1, 487, 684
Player 1, 488, 690
Player 1, 489, 684
Player 1, 490, 691
Player 1, 491, 698
Player 1, 492, 699
Player 1, 493, 700
Player 1, 494, 699
Player 1, 495, 701
Player 1, 496, 700
Player 1, 497, 702
Player 1, 498, 703
Player 1, 499, 704
Player 1, 500, 703
Player 1, 501, 705
Player 1, 502, 706
Player 1, 503, 705
Player 1, 504, 703
Player 1, 505, 706
Player 1, 506, 707
Player 1, 507, 708
Player 1, 508, 709
Player 1, 509, 708
Player 1, 510, 706
Player 1, 511, 709
Player 1, 512, 708
Player 1, 513, 706
Player 1, 514, 703
Player 1, 515, 707
Player 1, 516, 703
Player 1, 517, 708
Player 1, 518, 703
Player 1, 519, 697
Player 1, 520, 704
Player 1, 521, 697
Player 1, 522, 705
Player 1, 523, 697
Player 1, 524, 706
Player 1, 525, 697
Player 1, 526, 707
Player 1, 527, 697
Player 1, 528, 686
Player 1, 529, 674
Player 1, 530, 687
Player 1, 531, 700
Player 1, 532, 713
Player 1, 533, 714
Player 1, 534, 715
Player 1, 535, 716
Player 1, 536, 715
Player 1, 537, 717
Player 1, 538, 718
Player 1, 539, 717
Player 1, 540, 715
Player 1, 541, 712
Player 1, 542, 708
Player 1, 543, 713
Player 1, 544, 718
Player 1, 545, 719
Player 1, 546, 720
Player 1, 547, 719
Player 1, 548, 717
Player 1, 549, 720
Player 1, 550, 721
Player 1, 551, 722
Player 1, 552, 723
Player 1, 553, 724
Player 1, 554, 725
Player 1, 555, 724
Player 1, 556, 726
Player 1, 557, 725
Player 1, 558, 723
Player 1, 559, 720
Player 1, 560, 716
Player 1, 561, 721
Player 1, 562, 726
Player 1, 563, 727
Player 1, 564, 728
Player 1, 565, 727
Player 1, 566, 729
Player 1, 567, 730
Player 1, 568, 731
Player 1, 569, 732
Player 1, 570, 731
Player 1, 571, 729
Player 1, 572, 732
Player 1, 573, 731
Player 1, 574, 729
Player 1, 575, 732
Player 1, 576, 733
Player 1, 577, 732
Player 1, 578, 730
Player 1, 579, 733
Player 1, 580, 732
Player 1, 581, 730
Player 1, 582, 733
Player 1, 583, 732
Player 1, 584, 730
Player 1, 585, 733
Player 1, 586, 734
Player 1, 587, 735
Player 1, 588, 736
Player 1, 589, 735
Player 1, 590, 737
Player 1, 591, 738
Player 1, 592, 739
Player 1, 593, 738
Player 1, 594, 740
Player 1, 595, 739
Player 1, 596, 741
Player 1, 597, 742
Player 1, 598, 743
Player 1, 599, 744
Player 1, 600, 743
Player 1, 601, 741
Player 1, 602, 738
Player 1, 603, 742
Player 1, 604, 746
Player 1, 605, 747
Player 1, 606, 746
Player 1, 607, 744
Player 1, 608, 747
Player 1, 609, 746
Player 1, 610, 748
Player 1, 611, 749
Player 1, 612, 750
Player 1, 613, 751
Player 1, 614, 750
Player 1, 615, 752
Player 1, 616, 751
Player 1, 617, 753
Player 1, 618, 754
Player 1, 619, 755
Player 1, 620, 754
Player 1, 621, 756
Player 1, 622, 755
Player 1, 623, 753
Player 1, 624, 750
Player 1, 625, 746
Player 1, 626, 741
Player 1, 627, 735
Player 1, 628, 742
Player 1, 629, 749
Player 1, 630, 742
Player 1, 631, 750
Player 1, 632, 742
Player 1, 633, 751
Player 1, 634, 760
Player 1, 635, 759
Player 1, 636, 757
Player 1, 637, 760
Player 1, 638, 761
Player 1, 639, 762
Player 1, 640, 763
Player 1, 641, 762
Player 1, 642, 764
Player 1, 643, 763
Player 1, 644, 761
Player 1, 645, 758
Player 1, 646, 762
Player 1, 647, 758
Player 1, 648, 763
Player 1, 649, 758
Player 1, 650, 752
Player 1, 651, 745
Player 1, 652, 753
Player 1, 653, 745
Player 1, 654, 754
Player 1, 655, 745
Player 1, 656, 755
Player 1, 657, 765
Player 1, 658, 764
Player 1, 659, 762
Player 1, 660, 759
Player 1, 661, 763
Player 1, 662, 767
Player 1, 663, 766
Player 1, 664, 768
Player 1, 665, 769
Player 1, 666, 768
Player 1, 667, 770
Player 1, 668, 769
Player 1, 669, 767
Player 1, 670, 764
Player 1, 671, 760
Player 1, 672, 765
Player 1, 673, 760
Player 1, 674, 766
Player 1, 675, 760
Player 1, 676, 767
Player 1, 677, 760
Player 1, 678, 752
Player 1, 679, 743
Player 1, 680, 753
Player 1, 681, 763
Player 1, 682, 753
Player 1, 683, 764
Player 1, 684, 775
Player 1, 685, 774
Player 1, 686, 772
Player 1, 687, 769
Player 1, 688, 773
Player 1, 689, 769
Player 1, 690, 764
Player 1, 691, 770
Player 1, 692, 764
Player 1, 693, 757
Player 1, 694, 749
Player 1, 695, 740
Player 1, 696, 750
Player 1, 697, 740
Player 1, 698, 729
Player 1, 699, 741
Player 1, 700, 729
Player 1, 701, 716
Player 1, 702, 702
Player 1, 703, 717
Player 1, 704, 702
Player 1, 705, 718
Player 1, 706, 734
Player 1, 707, 718
Player 1, 708, 735
Player 1, 709, 752
Player 1, 710, 735
Player 1, 711, 717
Player 1, 712, 698
Player 1, 713, 718
Player 1, 714, 698
Player 1, 715, 719
Player 1, 716, 740
Player 1, 717, 761
Player 1, 718, 740
Player 1, 719, 762
Player 1, 720, 784
Player 1, 721, 783
Player 1, 722, 781
Player 1, 723, 778
Player 1, 724, 774
Player 1, 725, 779
Player 1, 726, 784
Player 1, 727, 785
Player 1, 728, 786
Player 1, 729, 787
Player 1, 730, 786
Player 1, 731, 788
Player 1, 732, 789
Player 1, 733, 788
Player 1, 734, 786
Player 1, 735, 783
Player 1, 736, 787
Player 1, 737, 783
Player 1, 738, 788
Player 1, 739, 793
Player 1, 740, 794
Player 1, 741, 793
Player 1, 742, 791
Player 1, 743, 794
Player 1, 744, 795
Player 1, 745, 794
Player 1, 746, 792
Player 1, 747, 789
Player 1, 748, 785
Player 1, 749, 780
Player 1, 750, 786
Player 1, 751, 792
Player 1, 752, 786
Player 1, 753, 793
Player 1, 754, 786
Player 1, 755, 794
Player 1, 756, 802
Player 1, 757, 803
Player 1, 758, 804
Player 1, 759, 805
Player 1, 760, 806
Player 1, 761, 805
Player 1, 762, 807
Player 1, 763, 808
Player 1, 764, 809
Player 1, 765, 808
Player 1, 766, 810
Player 1, 767, 809
Player 1, 768, 807
Player 1, 769, 804
Player 1, 770, 800
Player 1, 771, 805
Player 1, 772, 810
Player 1, 773, 809
Player 1, 774, 807
Player 1, 775, 810
Player 1, 776, 811
Player 1, 777, 810
Player 1, 778, 812
Player 1, 779, 811
Player 1, 780, 813
Player 1, 781, 814
Player 1, 782, 815
Player 1, 783, 816
Player 1, 784, 815
Player 1, 785, 813
Player 1, 786, 816
Player 1, 787, 815
Player 1, 788, 817
Player 1, 789, 818
Player 1, 790, 819
Player 1, 791, 818
Player 1, 792, 816
Player 1, 793, 819
Player 1, 794, 818
Player 1, 795, 816
Player 1, 796, 819
Player 1, 797, 818
Player 1, 798, 816
Player 1, 799, 819
Player 1, 800, 820
Player 1, 801, 819
Player 1, 802, 821
Player 1, 803, 820
Player 1, 804, 822
Player 1, 805, 823
Player 1, 806, 822
Player 1, 807, 824
Player 1, 808, 823
Player 1, 809, 821
Player 1, 810, 824
Player 1, 811, 825
Player 1, 812, 824
Player 1, 813, 822
Player 1, 814, 825
Player 1, 815, 826
Player 1, 816, 827
Player 1, 817, 828
Player 1, 818, 829
Player 1, 819, 830
Player 1, 820, 831
Player 1, 821, 830
Player 1, 822, 832
Player 1, 823, 833
Player 1, 824, 834
Player 1, 825, 833
Player 1, 826, 835
Player 1, 827, 836
Player 1, 828, 835
Player 1, 829, 833
Player 1, 830, 830
Player 1, 831, 834
Player 1, 832, 838
Player 1, 833, 837
Player 1, 834, 835
Player 1, 835, 838
Player 1, 836, 837
Player 1, 837, 839
Player 1, 838, 838
Player 1, 839, 836
Player 1, 840, 839
Player 1, 841, 838
Player 1, 842, 840
Player 1, 843, 839
Player 1, 844, 841
Player 1, 845, 840
Player 1, 846, 842
Player 1, 847, 843
Player 1, 848, 842
Player 1, 849, 840
Player 1, 850, 843
Player 1, 851, 842
Player 1, 852, 844
Player 1, 853, 845
Player 1, 854, 844
Player 1, 855, 846
Player 1, 856, 845
Player 1, 857, 843
Player 1, 858, 846
Player 1, 859, 847
Player 1, 860, 848
Player 1, 861, 849
Player 1, 862, 848
Player 1, 863, 846
Player 1, 864, 849
Player 1, 865, 848
Player 1, 866, 846
Player 1, 867, 843
Player 1, 868, 839
Player 1, 869, 844
Player 1, 870, 849
Player 1, 871, 848
Player 1, 872, 846
Player 1, 873, 849
Player 1, 874, 848
Player 1, 875, 850
Player 1, 876, 849
Player 1, 877, 851
Player 1, 878, 852
Player 1, 879, 851
Player 1, 880, 853
Player 1, 881, 854
Player 1, 882, 855
Player 1, 883, 854
Player 1, 884, 856
Player 1, 885, 857
Player 1, 886, 856
Player 1, 887, 854
Player 1, 888, 857
Player 1, 889, 858
Player 1, 890, 859
Player 1, 891, 860
Player 1, 892, 861
Player 1, 893, 860
Player 1, 894, 858
Player 1, 895, 855
Player 1, 896, 859
Player 1, 897, 855
Player 1, 898, 850
Player 1, 899, 856
Player 1, 900, 862
Player 1, 901, 863
Player 1, 902, 862
Player 1, 903, 864
Player 1, 904, 863
Player 1, 905, 861
Player 1, 906, 864
Player 1, 907, 863
Player 1, 908, 865
Player 1, 909, 866
Player 1, 910, 865
Player 1, 911, 863
Player 1, 912, 866
Player 1, 913, 867
Player 1, 914, 868
Player 1, 915, 869
Player 1, 916, 868
Player 1, 917, 870
Player 1, 918, 871
Player 1, 919, 872
Player 1, 920, 873
Player 1, 921, 874
Player 1, 922, 875
Player 1, 923, 874
Player 1, 924, 876
Player 1, 925, 875
Player 1, 926, 877
Player 1, 927, 876
Player 1, 928, 878
Player 1, 929, 879
Player 1, 930, 880
Player 1, 931, 879
Player 1, 932, 881
Player 1, 933, 882
Player 1, 934, 881
Player 1, 935, 879
Player 1, 936, 876
Player 1, 937, 880
Player 1, 938, 884
Player 1, 939, 883
Player 1, 940, 885
Player 1, 941, 886
Player 1, 942, 887
Player 1, 943, 886
Player 1, 944, 884
Player 1, 945, 881
Player 1, 946, 885
Player 1, 947, 889
Player 1, 948, 890
Player 1, 949, 889
Player 1, 950, 887
Player 1, 951, 890
Player 1, 952, 891
Player 1, 953, 892
Player 1, 954, 893
Player 1, 955, 892
Player 1, 956, 894
Player 1, 957, 893
Player 1, 958, 891
Player 1, 959, 894
Player 1, 960, 895
Player 1, 961, 894
Player 1, 962, 896
Player 1, 963, 897
Player 1, 964, 898
Player 1, 965, 899
Player 1, 966, 900
Player 1, 967, 901
Player 1, 968, 902
Player 1, 969, 903
Player 1, 970, 904
Player 1, 971, 905
Player 1, 972, 904
Player 1, 973, 906
Player 1, 974, 907
Player 1, 975, 906
Player 1, 976, 908
Player 1, 977, 907
Player 1, 978, 909
Player 1, 979, 910
Player 1, 980, 909
Player 1, 981, 907
Player 1, 982, 904
Player 1, 983, 908
Player 1, 984, 904
Player 1, 985, 899
Player 1, 986, 905
Player 1, 987, 899
Player 1, 988, 906
Player 1, 989, 899
Player 1, 990, 891
Player 1, 991, 882
Player 1, 992, 892
Player 1, 993, 882
Player 1, 994, 871
Player 1, 995, 883
Player 1, 996, 895
Player 1, 997, 907
Player 1, 998, 895
Player 1, 999, 882
Player 1, 1000, 868
Player 1, 1001, 853
Player 1, 1002, 869
Player 1, 1003, 853
Player 1, 1004, 870
Player 1, 1005, 853
Player 1, 1006, 835
Player 1, 1007, 816
Player 1, 1008, 836
Player 1, 1009, 856
Player 1, 1010, 836
Player 1, 1011, 857
Player 1, 1012, 836
Player 1, 1013, 858
Player 1, 1014, 880
Player 1, 1015, 858
Player 1, 1016, 881
Player 1, 1017, 904
Player 1, 1018, 927
Player 1, 1019, 928
Player 1, 1020, 929
Player 1, 1021, 928
Player 1, 1022, 926
Player 1, 1023, 929
Player 1, 1024, 930
Player 1, 1025, 929
Player 1, 1026, 931
Player 1, 1027, 930
Player 1, 1028, 932
Player 1, 1029, 931
Player 1, 1030, 933
Player 1, 1031, 932
Player 1, 1032, 930
Player 1, 1033, 933
Player 1, 1034, 934
Player 1, 1035, 935
Player 1, 1036, 934
Player 1, 1037, 932
Player 1, 1038, 929
Player 1, 1039, 925
Player 1, 1040, 920
Player 1, 1041, 926
Player 1, 1042, 932
Player 1, 1043, 926
Player 1, 1044, 919
Player 1, 1045, 927
Player 1, 1046, 919
Player 1, 1047, 928
Player 1, 1048, 937
Player 1, 1049, 938
Player 1, 1050, 937
Player 1, 1051, 935
Player 1, 1052, 932
Player 1, 1053, 936
Player 1, 1054, 932
Player 1, 1055, 927
Player 1, 1056, 933
Player 1, 1057, 927
Player 1, 1058, 934
Player 1, 1059, 927
Player 1, 1060, 935
Player 1, 1061, 943
Player 1, 1062, 944
Player 1, 1063, 943
Player 1, 1064, 945
Player 1, 1065, 946
Player 1, 1066, 947
Player 1, 1067, 946
Player 1, 1068, 944
Player 1, 1069, 947
Player 1, 1070, 946
Player 1, 1071, 948
Player 1, 1072, 949
Player 1, 1073, 948
Player 1, 1074, 950
Player 1, 1075, 951
Player 1, 1076, 952
Player 1, 1077, 953
Player 1, 1078, 954
Player 1, 1079, 953
Player 1, 1080, 951
Player 1, 1081, 954
Player 1, 1082, 955
Player 1, 1083, 954
Player 1, 1084, 956
Player 1, 1085, 955
Player 1, 1086, 957
Player 1, 1087, 958
Player 1, 1088, 957
Player 1, 1089, 955
Player 1, 1090, 952
Player 1, 1091, 948
Player 1, 1092, 953
Player 1, 1093, 958
Player 1, 1094, 959
Player 1, 1095, 958
Player 1, 1096, 960
Player 1, 1097, 959
Player 1, 1098, 961
Player 1, 1099, 962
Player 1, 1100, 963
Player 1, 1101, 962
Player 1, 1102, 964
Player 1, 1103, 963
Player 1, 1104, 965
Player 1, 1105, 964
Player 1, 1106, 962
Player 1, 1107, 959
Player 1, 1108, 955
Player 1, 1109, 950
Player 1, 1110, 956
Player 1, 1111, 962
Player 1, 1112, 956
Player 1, 1113, 949
Player 1, 1114, 941
Player 1, 1115, 932
Player 1, 1116, 942
Player 1, 1117, 932
Player 1, 1118, 943
Player 1, 1119, 954
Player 1, 1120, 943
Player 1, 1121, 955
Player 1, 1122, 967
Player 1, 1123, 968
Player 1, 1124, 969
Player 1, 1125, 970
Player 1, 1126, 971
Player 1, 1127, 970
Player 1, 1128, 972
Player 1, 1129, 971
Player 1, 1130, 969
Player 1, 1131, 966
Player 1, 1132, 970
Player 1, 1133, 966
Player 1, 1134, 971
Player 1, 1135, 966
Player 1, 1136, 960
Player 1, 1137, 953
Player 1, 1138, 945
Player 1, 1139, 954
Player 1, 1140, 945
Player 1, 1141, 955
Player 1, 1142, 945
Player 1, 1143, 934
Player 1, 1144, 922
Player 1, 1145, 909
Player 1, 1146, 895
Player 1, 1147, 910
Player 1, 1148, 895
Player 1, 1149, 879
Player 1, 1150, 862
Player 1, 1151, 880
Player 1, 1152, 862
Player 1, 1153, 881
Player 1, 1154, 900
Player 1, 1155, 881
Player 1, 1156, 861
Player 1, 1157, 882
Player 1, 1158, 903
Player 1, 1159, 924
Player 1, 1160, 945
Player 1, 1161, 924
Player 1, 1162, 902
Player 1, 1163, 925
Player 1, 1164, 948
Player 1, 1165, 971
Player 1, 1166, 994
Player 1, 1167, 995
Player 1, 1168, 996
Player 1, 1169, 995
Player 1, 1170, 993
Player 1, 1171, 990
Player 1, 1172, 986
Player 1, 1173, 991
Player 1, 1174, 996
Player 1, 1175, 997
Player 1, 1176, 998
Player 1, 1177, 997
Player 1, 1178, 999
Player 1, 1179, 1000
Player 2, 2, 499
Player 2, 3, 497
Player 2, 4, 494
Player 2, 5, 490
Player 2, 6, 495
Player 2, 7, 500
Player 2, 8, 499
Player 2, 9, 501
Player 2, 10, 502
Player 2, 11, 501
Player 2, 12, 503
Player 2, 13, 502
Player 2, 14, 504
Player 2, 15, 503
Player 2, 16, 501
Player 2, 17, 504
Player 2, 18, 505
Player 2, 19, 506
Player 2, 20, 505
Player 2, 21, 507
Player 2, 22, 508
Player 2, 23, 507
Player 2, 24, 509
Player 2, 25, 508
Player 2, 26, 506
Player 2, 27, 509
Player 2, 28, 510
Player 2, 29, 511
Player 2, 30, 512
Player 2, 31, 511
Player 2, 32, 513
Player 2, 33, 512
Player 2, 34, 510
Player 2, 35, 507
Player 2, 36, 503
Player 2, 37, 508
Player 2, 38, 513
Player 2, 39, 514
Player 2, 40, 513
Player 2, 41, 511
Player 2, 42, 514
Player 2, 43, 513
Player 2, 44, 515
Player 2, 45, 514
Player 2, 46, 516
Player 2, 47, 517
Player 2, 48, 516
Player 2, 49, 514
Player 2, 50, 511
Player 2, 51, 515
Player 2, 52, 511
Player 2, 53, 506
Player 2, 54, 500
Player 2, 55, 507
Player 2, 56, 514
Player 2, 57, 521
Player 2, 58, 522
Player 2, 59, 521
Player 2, 60, 519
Player 2, 61, 522
Player 2, 62, 523
Player 2, 63, 522
Player 2, 64, 524
Player 2, 65, 525
Player 2, 66, 526
Player 2, 67, 527
Player 2, 68, 528
Player 2, 69, 527
Player 2, 70, 529
Player 2, 71, 528
Player 2, 72, 526
Player 2, 73, 529
Player 2, 74, 530
Player 2, 75, 529
Player 2, 76, 531
Player 2, 77, 530
Player 2, 78, 532
Player 2, 79, 533
Player 2, 80, 534
Player 2, 81, 535
Player 2, 82, 534
Player 2, 83, 536
Player 2, 84, 537
Player 2, 85, 538
Player 2, 86, 539
Player 2, 87, 540
Player 2, 88, 539
Player 2, 89, 537
Player 2, 90, 540
Player 2, 91, 541
Player 2, 92, 540
Player 2, 93, 538
Player 2, 94, 541
Player 2, 95, 542
Player 2, 96, 541
Player 2, 97, 539
Player 2, 98, 542
Player 2, 99, 541
Player 2, 100, 539
Player 2, 101, 536
Player 2, 102, 540
Player 2, 103, 536
Player 2, 104, 531
Player 2, 105, 537
Player 2, 106, 543
Player 2, 107, 542
Player 2, 108, 544
Player 2, 109, 545
Player 2, 110, 546
Player 2, 111, 547
Player 2, 112, 546
Player 2, 113, 544
Player 2, 114, 541
Player 2, 115, 537
Player 2, 116, 542
Player 2, 117, 547
Player 2, 118, 548
Player 2, 119, 547
Player 2, 120, 545
Player 2, 121, 548
Player 2, 122, 547
Player 2, 123, 549
Player 2, 124, 550
Player 2, 125, 551
Player 2, 126, 552
Player 2, 127, 553
Player 2, 128, 552
Player 2, 129, 550
Player 2, 130, 553
Player 2, 131, 552
Player 2, 132, 554
Player 2, 133, 553
Player 2, 134, 551
Player 2, 135, 548
Player 2, 136, 544
Player 2, 137, 549
Player 2, 138, 554
Player 2, 139, 553
Player 2, 140, 551
Player 2, 141, 554
Player 2, 142, 553
Player 2, 143, 555
Player 2, 144, 554
Player 2, 145, 556
Player 2, 146, 557
Player 2, 147, 556
Player 2, 148, 554
Player 2, 149, 557
Player 2, 150, 558
Player 2, 151, 557
Player 2, 152, 559
Player 2, 153, 560
Player 2, 154, 559
Player 2, 155, 557
Player 2, 156, 554
Player 2, 157, 550
Player 2, 158, 545
Player 2, 159, 539
Player 2, 160, 532
Player 2, 161, 524
Player 2, 162, 533
Player 2, 163, 524
Player 2, 164, 514
Player 2, 165, 503
Player 2, 166, 491
Player 2, 167, 478
Player 2, 168, 492
Player 2, 169, 506
Player 2, 170, 520
Player 2, 171, 506
Player 2, 172, 521
Player 2, 173, 536
Player 2, 174, 551
Player 2, 175, 566
Player 2, 176, 565
Player 2, 177, 563
Player 2, 178, 566
Player 2, 179, 567
Player 2, 180, 568
Player 2, 181, 569
Player 2, 182, 568
Player 2, 183, 570
Player 2, 184, 571
Player 2, 185, 570
Player 2, 186, 572
Player 2, 187, 573
Player 2, 188, 572
Player 2, 189, 570
Player 2, 190, 567
Player 2, 191, 571
Player 2, 192, 567
Player 2, 193, 562
Player 2, 194, 556
Player 2, 195, 549
Player 2, 196, 557
Player 2, 197, 565
Player 2, 198, 573
Player 2, 199, 574
Player 2, 200, 575
Player 2, 201, 576
Player 2, 202, 575
Player 2, 203, 577
Player 2, 204, 576
Player 2, 205, 578
Player 2, 206, 577
Player 2, 207, 579
Player 2, 208, 578
Player 2, 209, 580
Player 2, 210, 581
Player 2, 211, 582
Player 2, 212, 581
Player 2, 213, 583
Player 2, 214, 582
Player 2, 215, 584
Player 2, 216, 583
Player 2, 217, 581
Player 2, 218, 584
Player 2, 219, 583
Player 2, 220, 581
Player 2, 221, 584
Player 2, 222, 583
Player 2, 223, 581
Player 2, 224, 584
Player 2, 225, 585
Player 2, 226, 584
Player 2, 227, 586
Player 2, 228, 585
Player 2, 229, 587
Player 2, 230, 588
Player 2, 231, 589
Player 2, 232, 590
Player 2, 233, 589
Player 2, 234, 591
Player 2, 235, 592
Player 2, 236, 593
Player 2, 237, 594
Player 2, 238, 595
Player 2, 239, 594
Player 2, 240, 592
Player 2, 241, 595
Player 2, 242, 594
Player 2, 243, 596
Player 2, 244, 595
Player 2, 245, 593
Player 2, 246, 596
Player 2, 247, 597
Player 2, 248, 598
Player 2, 249, 599
Player 2, 250, 600
Player 2, 251, 599
Player 2, 252, 597
Player 2, 253, 600
Player 2, 254, 601
Player 2, 255, 600
Player 2, 256, 602
Player 2, 257, 603
Player 2, 258, 602
Player 2, 259, 604
Player 2, 260, 603
Player 2, 261, 605
Player 2, 262, 604
Player 2, 263, 602
Player 2, 264, 605
Player 2, 265, 606
Player 2, 266, 607
Player 2, 267, 608
Player 2, 268, 607
Player 2, 269, 605
Player 2, 270, 608
Player 2, 271, 609
Player 2, 272, 608
Player 2, 273, 606
Player 2, 274, 609
Player 2, 275, 610
Player 2, 276, 611
Player 2, 277, 610
Player 2, 278, 608
Player 2, 279, 611
Player 2, 280, 610
Player 2, 281, 608
Player 2, 282, 605
Player 2, 283, 609
Player 2, 284, 605
Player 2, 285, 600
Player 2, 286, 606
Player 2, 287, 612
Player 2, 288, 613
Player 2, 289, 614
Player 2, 290, 613
Player 2, 291, 615
Player 2, 292, 614
Player 2, 293, 612
Player 2, 294, 609
Player 2, 295, 605
Player 2, 296, 600
Player 2, 297, 594
Player 2, 298, 587
Player 2, 299, 595
Player 2, 300, 603
Player 2, 301, 611
Player 2, 302, 619
Player 2, 303, 620
Player 2, 304, 619
Player 2, 305, 621
Player 2, 306, 620
Player 2, 307, 622
Player 2, 308, 623
Player 2, 309, 624
Player 2, 310, 623
Player 2, 311, 621
Player 2, 312, 624
Player 2, 313, 625
Player 2, 314, 624
Player 2, 315, 622
Player 2, 316, 625
Player 2, 317, 626
Player 2, 318, 627
Player 2, 319, 626
Player 2, 320, 628
Player 2, 321, 629
Player 2, 322, 628
Player 2, 323, 626
Player 2, 324, 623
Player 2, 325, 619
Player 2, 326, 624
Player 2, 327, 629
Player 2, 328, 630
Player 2, 329, 631
Player 2, 330, 630
Player 2, 331, 632
Player 2, 332, 633
Player 2, 333, 634
Player 2, 334, 633
Player 2, 335, 631
Player 2, 336, 628
Player 2, 337, 624
Player 2, 338, 619
Player 2, 339, 613
Player 2, 340, 606
Player 2, 341, 614
Player 2, 342, 606
Player 2, 343, 615
Player 2, 344, 624
Player 2, 345, 615
Player 2, 346, 605
Player 2, 347, 616
Player 2, 348, 627
Player 2, 349, 638
Player 2, 350, 637
Player 2, 351, 639
Player 2, 352, 638
Player 2, 353, 640
Player 2, 354, 639
Player 2, 355, 637
Player 2, 356, 640
Player 2, 357, 639
Player 2, 358, 637
Player 2, 359, 634
Player 2, 360, 638
Player 2, 361, 634
Player 2, 362, 639
Player 2, 363, 644
Player 2, 364, 645
Player 2, 365, 646
Player 2, 366, 645
Player 2, 367, 647
Player 2, 368, 648
Player 2, 369, 649
Player 2, 370, 650
Player 2, 371, 651
Player 2, 372, 652
Player 2, 373, 653
Player 2, 374, 652
Player 2, 375, 650
Player 2, 376, 647
Player 2, 377, 651
Player 2, 378, 655
Player 2, 379, 654
Player 2, 380, 652
Player 2, 381, 655
Player 2, 382, 654
Player 2, 383, 656
Player 2, 384, 657
Player 2, 385, 658
Player 2, 386, 659
Player 2, 387, 658
Player 2, 388, 660
Player 2, 389, 659
Player 2, 390, 661
Player 2, 391, 662
Player 2, 392, 661
Player 2, 393, 663
Player 2, 394, 662
Player 2, 395, 664
Player 2, 396, 663
Player 2, 397, 665
Player 2, 398, 666
Player 2, 399, 667
Player 2, 400, 668
Player 2, 401, 669
Player 2, 402, 668
Player 2, 403, 670
Player 2, 404, 671
Player 2, 405, 672
Player 2, 406, 673
Player 2, 407, 674
Player 2, 408, 675
Player 2, 409, 674
Player 2, 410, 676
Player 2, 411, 675
Player 2, 412, 677
Player 2, 413, 678
Player 2, 414, 677
Player 2, 415, 675
Player 2, 416, 672
Player 2, 417, 676
Player 2, 418, 672
Player 2, 419, 677
Player 2, 420, 682
Player 2, 421, 683
Player 2, 422, 682
Player 2, 423, 680
Player 2, 424, 683
Player 2, 425, 684
Player 2, 426, 685
Player 2, 427, 684
Player 2, 428, 682
Player 2, 429, 685
Player 2, 430, 684
Player 2, 431, 686
Player 2, 432, 687
Player 2, 433, 686
Player 2, 434, 684
Player 2, 435, 681
Player 2, 436, 685
Player 2, 437, 681
Player 2, 438, 686
Player 2, 439, 691
Player 2, 440, 692
Player 2, 441, 693
Player 2, 442, 694
Player 2, 443, 693
Player 2, 444, 691
Player 2, 445, 688
Player 2, 446, 684
Player 2, 447, 679
Player 2, 448, 673
Player 2, 449, 666
Player 2, 450, 674
Player 2, 451, 682
Player 2, 452, 674
Player 2, 453, 665
Player 2, 454, 675
Player 2, 455, 665
Player 2, 456, 654
Player 2, 457, 642
Player 2, 458, 629
Player 2, 459, 615
Player 2, 460, 600
Player 2, 461, 584
Player 2, 462, 567
Player 2, 463, 585
Player 2, 464, 567
Player 2, 465, 586
Player 2, 466, 605
Player 2, 467, 586
Player 2, 468, 566
Player 2, 469, 587
Player 2, 470, 566
Player 2, 471, 588
Player 2, 472, 610
Player 2, 473, 588
Player 2, 474, 611
Player 2, 475, 588
Player 2, 476, 564
Player 2, 477, 589
Player 2, 478, 564
Player 2, 479, 538
Player 2, 480, 565
Player 2, 481, 592
Player 2, 482, 565
Player 2, 483, 537
Player 2, 484, 508
Player 2, 485, 538
Player 2, 486, 568
Player 2, 487, 598
Player 2, 488, 568
Player 2, 489, 537
Player 2, 490, 569
Player 2, 491, 601
Player 2, 492, 569
Player 2, 493, 602
Player 2, 494, 635
Player 2, 495, 602
Player 2, 496, 636
Player 2, 497, 670
Player 2, 498, 704
Player 2, 499, 703
Player 2, 500, 701
Player 2, 501, 704
Player 2, 502, 705
Player 2, 503, 704
Player 2, 504, 706
Player 2, 505, 707
Player 2, 506, 708
Player 2, 507, 709
Player 2, 508, 710
Player 2, 509, 711
Player 2, 510, 712
Player 2, 511, 711
Player 2, 512, 709
Player 2, 513, 712
Player 2, 514, 711
Player 2, 515, 713
Player 2, 516, 714
Player 2, 517, 713
Player 2, 518, 711
Player 2, 519, 714
Player 2, 520, 713
Player 2, 521, 711
Player 2, 522, 708
Player 2, 523, 704
Player 2, 524, 699
Player 2, 525, 693
Player 2, 526, 700
Player 2, 527, 707
Player 2, 528, 714
Player 2, 529, 713
Player 2, 530, 711
Player 2, 531, 708
Player 2, 532, 712
Player 2, 533, 716
Player 2, 534, 715
Player 2, 535, 713
Player 2, 536, 716
Player 2, 537, 715
Player 2, 538, 717
Player 2, 539, 716
Player 2, 540, 714
Player 2, 541, 717
Player 2, 542, 718
Player 2, 543, 719
Player 2, 544, 718
Player 2, 545, 720
Player 2, 546, 721
Player 2, 547, 720
Player 2, 548, 718
Player 2, 549, 721
Player 2, 550, 720
Player 2, 551, 722
Player 2, 552, 723
Player 2, 553, 724
Player 2, 554, 723
Player 2, 555, 721
Player 2, 556, 718
Player 2, 557, 722
Player 2, 558, 726
Player 2, 559, 727
Player 2, 560, 728
Player 2, 561, 727
Player 2, 562, 725
Player 2, 563, 728
Player 2, 564, 727
Player 2, 565, 725
Player 2, 566, 722
Player 2, 567, 718
Player 2, 568, 723
Player 2, 569, 718
Player 2, 570, 724
Player 2, 571, 730
Player 2, 572, 729
Player 2, 573, 731
Player 2, 574, 732
Player 2, 575, 733
Player 2, 576, 734
Player 2, 577, 735
Player 2, 578, 734
Player 2, 579, 732
Player 2, 580, 729
Player 2, 581, 733
Player 2, 582, 737
Player 2, 583, 738
Player 2, 584, 739
Player 2, 585, 740
Player 2, 586, 739
Player 2, 587, 737
Player 2, 588, 740
Player 2, 589, 741
Player 2, 590, 740
Player 2, 591, 738
Player 2, 592, 741
Player 2, 593, 740
Player 2, 594, 742
Player 2, 595, 743
Player 2, 596, 742
Player 2, 597, 740
Player 2, 598, 737
Player 2, 599, 741
Player 2, 600, 745
Player 2, 601, 744
Player 2, 602, 742
Player 2, 603, 739
Player 2, 604, 735
Player 2, 605, 730
Player 2, 606, 736
Player 2, 607, 730
Player 2, 608, 737
Player 2, 609, 730
Player 2, 610, 738
Player 2, 611, 730
Player 2, 612, 721
Player 2, 613, 711
Player 2, 614, 700
Player 2, 615, 712
Player 2, 616, 724
Player 2, 617, 712
Player 2, 618, 725
Player 2, 619, 712
Player 2, 620, 698
Player 2, 621, 713
Player 2, 622, 728
Player 2, 623, 713
Player 2, 624, 729
Player 2, 625, 745
Player 2, 626, 744
Player 2, 627, 742
Player 2, 628, 745
Player 2, 629, 744
Player 2, 630, 746
Player 2, 631, 745
Player 2, 632, 743
Player 2, 633, 740
Player 2, 634, 744
Player 2, 635, 748
Player 2, 636, 747
Player 2, 637, 749
Player 2, 638, 748
Player 2, 639, 746
Player 2, 640, 743
Player 2, 641, 739
Player 2, 642, 744
Player 2, 643, 739
Player 2, 644, 733
Player 2, 645, 726
Player 2, 646, 718
Player 2, 647, 727
Player 2, 648, 718
Player 2, 649, 728
Player 2, 650, 738
Player 2, 651, 748
Player 2, 652, 738
Player 2, 653, 727
Player 2, 654, 739
Player 2, 655, 727
Player 2, 656, 740
Player 2, 657, 753
Player 2, 658, 752
Player 2, 659, 754
Player 2, 660, 755
Player 2, 661, 756
Player 2, 662, 755
Player 2, 663, 753
Player 2, 664, 750
Player 2, 665, 746
Player 2, 666, 751
Player 2, 667, 756
Player 2, 668, 757
Player 2, 669, 758
Player 2, 670, 757
Player 2, 671, 759
Player 2, 672, 758
Player 2, 673, 756
Player 2, 674, 753
Player 2, 675, 749
Player 2, 676, 744
Player 2, 677, 738
Player 2, 678, 731
Player 2, 679, 723
Player 2, 680, 732
Player 2, 681, 723
Player 2, 682, 713
Player 2, 683, 724
Player 2, 684, 713
Player 2, 685, 725
Player 2, 686, 737
Player 2, 687, 725
Player 2, 688, 738
Player 2, 689, 725
Player 2, 690, 739
Player 2, 691, 725
Player 2, 692, 740
Player 2, 693, 755
Player 2, 694, 740
Player 2, 695, 724
Player 2, 696, 707
Player 2, 697, 725
Player 2, 698, 707
Player 2, 699, 726
Player 2, 700, 707
Player 2, 701, 687
Player 2, 702, 708
Player 2, 703, 729
Player 2, 704, 750
Player 2, 705, 729
Player 2, 706, 751
Player 2, 707, 729
Player 2, 708, 706
Player 2, 709, 730
Player 2, 710, 706
Player 2, 711, 681
Player 2, 712, 655
Player 2, 713, 682
Player 2, 714, 655
Player 2, 715, 683
Player 2, 716, 711
Player 2, 717, 683
Player 2, 718, 654
Player 2, 719, 624
Player 2, 720, 593
Player 2, 721, 561
Player 2, 722, 594
Player 2, 723, 627
Player 2, 724, 594
Player 2, 725, 560
Player 2, 726, 525
Player 2, 727, 489
Player 2, 728, 526
Player 2, 729, 489
Player 2, 730, 527
Player 2, 731, 489
Player 2, 732, 528
Player 2, 733, 567
Player 2, 734, 606
Player 2, 735, 567
Player 2, 736, 607
Player 2, 737, 567
Player 2, 738, 608
Player 2, 739, 649
Player 2, 740, 690
Player 2, 741, 731
Player 2, 742, 690
Player 2, 743, 648
Player 2, 744, 605
Player 2, 745, 649
Player 2, 746, 605
Player 2, 747, 650
Player 2, 748, 605
Player 2, 749, 559
Player 2, 750, 606
Player 2, 751, 559
Player 2, 752, 607
Player 2, 753, 655
Player 2, 754, 607
Player 2, 755, 558
Player 2, 756, 608
Player 2, 757, 558
Player 2, 758, 507
Player 2, 759, 559
Player 2, 760, 507
Player 2, 761, 454
Player 2, 762, 508
Player 2, 763, 562
Player 2, 764, 508
Player 2, 765, 563
Player 2, 766, 508
Player 2, 767, 564
Player 2, 768, 620
Player 2, 769, 676
Player 2, 770, 620
Player 2, 771, 563
Player 2, 772, 621
Player 2, 773, 679
Player 2, 774, 737
Player 2, 775, 795
Player 2, 776, 794
Player 2, 777, 792
Player 2, 778, 789
Player 2, 779, 785
Player 2, 780, 780
Player 2, 781, 786
Player 2, 782, 780
Player 2, 783, 787
Player 2, 784, 794
Player 2, 785, 801
Player 2, 786, 802
Player 2, 787, 801
Player 2, 788, 799
Player 2, 789, 796
Player 2, 790, 800
Player 2, 791, 804
Player 2, 792, 803
Player 2, 793, 805
Player 2, 794, 804
Player 2, 795, 802
Player 2, 796, 799
Player 2, 797, 803
Player 2, 798, 799
Player 2, 799, 804
Player 2, 800, 809
Player 2, 801, 808
Player 2, 802, 806
Player 2, 803, 803
Player 2, 804, 799
Player 2, 805, 794
Player 2, 806, 800
Player 2, 807, 794
Player 2, 808, 787
Player 2, 809, 795
Player 2, 810, 787
Player 2, 811, 796
Player 2, 812, 787
Player 2, 813, 777
Player 2, 814, 788
Player 2, 815, 799
Player 2, 816, 788
Player 2, 817, 800
Player 2, 818, 812
Player 2, 819, 811
Player 2, 820, 813
Player 2, 821, 812
Player 2, 822, 814
Player 2, 823, 815
Player 2, 824, 814
Player 2, 825, 816
Player 2, 826, 815
Player 2, 827, 813
Player 2, 828, 810
Player 2, 829, 806
Player 2, 830, 801
Player 2, 831, 807
Player 2, 832, 813
Player 2, 833, 807
Player 2, 834, 800
Player 2, 835, 792
Player 2, 836, 783
Player 2, 837, 773
Player 2, 838, 762
Player 2, 839, 750
Player 2, 840, 763
Player 2, 841, 776
Player 2, 842, 763
Player 2, 843, 749
Player 2, 844, 734
Player 2, 845, 750
Player 2, 846, 766
Player 2, 847, 782
Player 2, 848, 798
Player 2, 849, 814
Player 2, 850, 830
Player 2, 851, 831
Player 2, 852, 830
Player 2, 853, 832
Player 2, 854, 833
Player 2, 855, 832
Player 2, 856, 834
Player 2, 857, 833
Player 2, 858, 835
Player 2, 859, 836
Player 2, 860, 835
Player 2, 861, 837
Player 2, 862, 836
Player 2, 863, 838
Player 2, 864, 839
Player 2, 865, 840
Player 2, 866, 839
Player 2, 867, 837
Player 2, 868, 834
Player 2, 869, 838
Player 2, 870, 842
Player 2, 871, 843
Player 2, 872, 842
Player 2, 873, 844
Player 2, 874, 843
Player 2, 875, 845
Player 2, 876, 846
Player 2, 877, 847
Player 2, 878, 848
Player 2, 879, 847
Player 2, 880, 845
Player 2, 881, 842
Player 2, 882, 846
Player 2, 883, 850
Player 2, 884, 849
Player 2, 885, 851
Player 2, 886, 852
Player 2, 887, 853
Player 2, 888, 852
Player 2, 889, 854
Player 2, 890, 853
Player 2, 891, 855
Player 2, 892, 854
Player 2, 893, 852
Player 2, 894, 849
Player 2, 895, 845
Player 2, 896, 850
Player 2, 897, 855
Player 2, 898, 854
Player 2, 899, 856
Player 2, 900, 855
Player 2, 901, 853
Player 2, 902, 856
Player 2, 903, 855
Player 2, 904, 853
Player 2, 905, 850
Player 2, 906, 846
Player 2, 907, 851
Player 2, 908, 846
Player 2, 909, 840
Player 2, 910, 833
Player 2, 911, 825
Player 2, 912, 816
Player 2, 913, 806
Player 2, 914, 795
Player 2, 915, 807
Player 2, 916, 819
Player 2, 917, 807
Player 2, 918, 820
Player 2, 919, 807
Player 2, 920, 821
Player 2, 921, 807
Player 2, 922, 822
Player 2, 923, 807
Player 2, 924, 791
Player 2, 925, 808
Player 2, 926, 791
Player 2, 927, 809
Player 2, 928, 791
Player 2, 929, 772
Player 2, 930, 792
Player 2, 931, 812
Player 2, 932, 832
Player 2, 933, 852
Player 2, 934, 872
Player 2, 935, 871
Player 2, 936, 869
Player 2, 937, 872
Player 2, 938, 871
Player 2, 939, 869
Player 2, 940, 866
Player 2, 941, 862
Player 2, 942, 857
Player 2, 943, 863
Player 2, 944, 869
Player 2, 945, 863
Player 2, 946, 856
Player 2, 947, 864
Player 2, 948, 856
Player 2, 949, 865
Player 2, 950, 874
Player 2, 951, 875
Player 2, 952, 876
Player 2, 953, 877
Player 2, 954, 878
Player 2, 955, 879
Player 2, 956, 878
Player 2, 957, 876
Player 2, 958, 873
Player 2, 959, 869
Player 2, 960, 864
Player 2, 961, 870
Player 2, 962, 864
Player 2, 963, 857
Player 2, 964, 849
Player 2, 965, 858
Player 2, 966, 867
Player 2, 967, 876
Player 2, 968, 885
Player 2, 969, 884
Player 2, 970, 886
Player 2, 971, 885
Player 2, 972, 883
Player 2, 973, 880
Player 2, 974, 876
Player 2, 975, 871
Player 2, 976, 877
Player 2, 977, 883
Player 2, 978, 877
Player 2, 979, 884
Player 2, 980, 891
Player 2, 981, 892
Player 2, 982, 893
Player 2, 983, 894
Player 2, 984, 893
Player 2, 985, 891
Player 2, 986, 888
Player 2, 987, 884
Player 2, 988, 889
Player 2, 989, 894
Player 2, 990, 893
Player 2, 991, 891
Player 2, 992, 888
Player 2, 993, 884
Player 2, 994, 889
Player 2, 995, 884
Player 2, 996, 890
Player 2, 997, 884
Player 2, 998, 891
Player 2, 999, 898
Player 2, 1000, 897
Player 2, 1001, 895
Player 2, 1002, 898
Player 2, 1003, 897
Player 2, 1004, 899
Player 2, 1005, 900
Player 2, 1006, 899
Player 2, 1007, 901
Player 2, 1008, 902
Player 2, 1009, 901
Player 2, 1010, 899
Player 2, 1011, 896
Player 2, 1012, 900
Player 2, 1013, 904
Player 2, 1014, 903
Player 2, 1015, 905
Player 2, 1016, 904
Player 2, 1017, 906
Player 2, 1018, 905
Player 2, 1019, 907
Player 2, 1020, 908
Player 2, 1021, 907
Player 2, 1022, 905
Player 2, 1023, 908
Player 2, 1024, 907
Player 2, 1025, 909
Player 2, 1026, 910
Player 2, 1027, 911
Player 2, 1028, 910
Player 2, 1029, 908
Player 2, 1030, 911
Player 2, 1031, 912
Player 2, 1032, 911
Player 2, 1033, 913
Player 2, 1034, 914
Player 2, 1035, 913
Player 2, 1036, 911
Player 2, 1037, 914
Player 2, 1038, 915
Player 2, 1039, 914
Player 2, 1040, 912
Player 2, 1041, 915
Player 2, 1042, 914
Player 2, 1043, 912
Player 2, 1044, 915
Player 2, 1045, 916
Player 2, 1046, 917
Player 2, 1047, 916
Player 2, 1048, 918
Player 2, 1049, 917
Player 2, 1050, 915
Player 2, 1051, 918
Player 2, 1052, 917
Player 2, 1053, 915
Player 2, 1054, 912
Player 2, 1055, 916
Player 2, 1056, 920
Player 2, 1057, 919
Player 2, 1058, 917
Player 2, 1059, 920
Player 2, 1060, 921
Player 2, 1061, 920
Player 2, 1062, 922
Player 2, 1063, 921
Player 2, 1064, 919
Player 2, 1065, 922
Player 2, 1066, 921
Player 2, 1067, 919
Player 2, 1068, 922
Player 2, 1069, 921
Player 2, 1070, 919
Player 2, 1071, 922
Player 2, 1072, 923
Player 2, 1073, 922
Player 2, 1074, 920
Player 2, 1075, 923
Player 2, 1076, 922
Player 2, 1077, 924
Player 2, 1078, 925
Player 2, 1079, 924
Player 2, 1080, 926
Player 2, 1081, 925
Player 2, 1082, 923
Player 2, 1083, 926
Player 2, 1084, 927
Player 2, 1085, 928
Player 2, 1086, 929
Player 2, 1087, 928
Player 2, 1088, 926
Player 2, 1089, 923
Player 2, 1090, 927
Player 2, 1091, 923
Player 2, 1092, 918
Player 2, 1093, 924
Player 2, 1094, 930
Player 2, 1095, 929
Player 2, 1096, 927
Player 2, 1097, 930
Player 2, 1098, 929
Player 2, 1099, 931
Player 2, 1100, 930
Player 2, 1101, 932
Player 2, 1102, 933
Player 2, 1103, 932
Player 2, 1104, 930
Player 2, 1105, 933
Player 2, 1106, 932
Player 2, 1107, 934
Player 2, 1108, 933
Player 2, 1109, 931
Player 2, 1110, 928
Player 2, 1111, 932
Player 2, 1112, 936
Player 2, 1113, 935
Player 2, 1114, 933
Player 2, 1115, 936
Player 2, 1116, 937
Player 2, 1117, 938
Player 2, 1118, 939
Player 2, 1119, 940
Player 2, 1120, 939
Player 2, 1121, 941
Player 2, 1122, 942
Player 2, 1123, 943
Player 2, 1124, 944
Player 2, 1125, 945
Player 2, 1126, 944
Player 2, 1127, 942
Player 2, 1128, 945
Player 2, 1129, 946
Player 2, 1130, 947
Player 2, 1131, 946
Player 2, 1132, 944
Player 2, 1133, 947
Player 2, 1134, 948
Player 2, 1135, 949
Player 2, 1136, 950
Player 2, 1137, 949
Player 2, 1138, 947
Player 2, 1139, 950
Player 2, 1140, 951
Player 2, 1141, 952
Player 2, 1142, 951
Player 2, 1143, 949
Player 2, 1144, 946
Player 2, 1145, 942
Player 2, 1146, 947
Player 2, 1147, 952
Player 2, 1148, 953
Player 2, 1149, 952
Player 2, 1150, 950
Player 2, 1151, 947
Player 2, 1152, 943
Player 2, 1153, 948
Player 2, 1154, 953
Player 2, 1155, 954
Player 2, 1156, 955
Player 2, 1157, 954
Player 2, 1158, 952
Player 2, 1159, 949
Player 2, 1160, 953
Player 2, 1161, 949
Player 2, 1162, 954
Player 2, 1163, 959
Player 2, 1164, 960
Player 2, 1165, 959
Player 2, 1166, 957
Player 2, 1167, 960
Player 2, 1168, 959
Player 2, 1169, 961
Player 2, 1170, 960
Player 2, 1171, 958
Player 2, 1172, 961
Player 2, 1173, 960
Player 2, 1174, 962
Player 2, 1175, 963
Player 2, 1176, 964
Player 2, 1177, 965
Player 2, 1178, 964
Player 2, 1179, 962
Player 2, 1180, 959
Player 2, 1181, 955
Player 2, 1182, 950
Player 2, 1183, 944
Player 2, 1184, 937
Player 2, 1185, 945
Player 2, 1186, 953
Player 2, 1187, 961
Player 2, 1188, 969
Player 2, 1189, 968
Player 2, 1190, 970
Player 2, 1191, 971
Player 2, 1192, 970
Player 2, 1193, 968
Player 2, 1194, 971
Player 2, 1195, 970
Player 2, 1196, 972
Player 2, 1197, 973
Player 2, 1198, 972
Player 2, 1199, 974
Player 2, 1200, 975
Player 2, 1201, 974
Player 2, 1202, 972
Player 2, 1203, 975
Player 2, 1204, 976
Player 2, 1205, 977
Player 2, 1206, 976
Player 2, 1207, 974
Player 2, 1208, 977
Player 2, 1209, 976
Player 2, 1210, 974
Player 2, 1211, 971
Player 2, 1212, 975
Player 2, 1213, 971
Player 2, 1214, 976
Player 2, 1215, 971
Player 2, 1216, 965
Player 2, 1217, 958
Player 2, 1218, 950
Player 2, 1219, 959
Player 2, 1220, 968
Player 2, 1221, 959
Player 2, 1222, 949
Player 2, 1223, 960
Player 2, 1224, 949
Player 2, 1225, 961
Player 2, 1226, 949
Player 2, 1227, 962
Player 2, 1228, 949
Player 2, 1229, 963
Player 2, 1230, 977
Player 2, 1231, 978
Player 2, 1232, 977
Player 2, 1233, 975
Player 2, 1234, 972
Player 2, 1235, 976
Player 2, 1236, 972
Player 2, 1237, 977
Player 2, 1238, 982
Player 2, 1239, 983
Player 2, 1240, 984
Player 2, 1241, 985
Player 2, 1242, 984
Player 2, 1243, 982
Player 2, 1244, 985
Player 2, 1245, 986
Player 2, 1246, 987
Player 2, 1247, 988
Player 2, 1248, 987
Player 2, 1249, 989
Player 2, 1250, 988
Player 2, 1251, 990
Player 2, 1252, 989
Player 2, 1253, 987
Player 2, 1254, 984
Player 2, 1255, 980
Player 2, 1256, 975
Player 2, 1257, 981
Player 2, 1258, 975
Player 2, 1259, 968
Player 2, 1260, 960
Player 2, 1261, 969
Player 2, 1262, 960
Player 2, 1263, 950
Player 2, 1264, 961
Player 2, 1265, 950
Player 2, 1266, 962
Player 2, 1267, 950
Player 2, 1268, 963
Player 2, 1269, 976
Player 2, 1270, 963
Player 2, 1271, 949
Player 2, 1272, 934
Player 2, 1273, 918
Player 2, 1274, 935
Player 2, 1275, 952
Player 2, 1276, 969
Player 2, 1277, 952
Player 2, 1278, 934
Player 2, 1279, 915
Player 2, 1280, 895
Player 2, 1281, 874
Player 2, 1282, 896
Player 2, 1283, 874
Player 2, 1284, 851
Player 2, 1285, 875
Player 2, 1286, 851
Player 2, 1287, 876
Player 2, 1288, 851
Player 2, 1289, 825
Player 2, 1290, 798
Player 2, 1291, 770
Player 2, 1292, 741
Player 2, 1293, 771
Player 2, 1294, 801
Player 2, 1295, 831
Player 2, 1296, 861
Player 2, 1297, 831
Player 2, 1298, 862
Player 2, 1299, 893
Player 2, 1300, 862
Player 2, 1301, 830
Player 2, 1302, 863
Player 2, 1303, 830
Player 2, 1304, 864
Player 2, 1305, 898
Player 2, 1306, 932
Player 2, 1307, 898
Player 2, 1308, 933
Player 2, 1309, 968
Player 2, 1310, 1003